Biomarker,Importance
phosphate_mgdl,0.026601245251851372
calcium_mgdl,0.02850596544353178
hemoglobin_gdl,0.02926620912784881
hba1c_pct,0.03620831091726564
serum_creatinine_mgdl,0.04900393214275852
bun_creatinine_ratio,0.04971778623164089
potassium_meql,0.06879102265415661
bun_mgdl,0.11663013893347253
renal_risk_score,0.1930790241113162
egfr,0.280627183275789
