Biomarker,Importance
bmi,0.035930046979369676
uacr_mg_g,0.04460346282136227
calcium_mgdl,0.05146133594626288
hemoglobin_gdl,0.05235619186644971
hba1c_pct,0.05508142276606962
phosphate_mgdl,0.060465190209340505
potassium_meql,0.07270800667725935
bun_mgdl,0.10849351613179538
serum_creatinine_mgdl,0.14050350805646702
egfr,0.2242229404145497
