Biomarker,Importance
uacr_mg_g,0.02518270267736847
hemoglobin_gdl,0.03557174277875427
potassium_meql,0.03623864640843516
bun_creatinine_ratio,0.03836287072047352
hba1c_pct,0.040305270686582184
phosphate_mgdl,0.08210023701976758
serum_creatinine_mgdl,0.11605430440076314
renal_risk_score,0.13580645188602405
bun_mgdl,0.17223896352482881
egfr,0.1768460248421988
